[
    {
        "name": "symfony/console",
        "version": "v2.6.11",
        "version_normalized": "2.6.11.0",
        "target-dir": "Symfony/Component/Console",
        "source": {
            "type": "git",
            "url": "https://github.com/symfony/console.git",
            "reference": "0e5e18ae09d3f5c06367759be940e9ed3f568359"
        },
        "dist": {
            "type": "zip",
            "url": "https://api.github.com/repos/symfony/console/zipball/0e5e18ae09d3f5c06367759be940e9ed3f568359",
            "reference": "0e5e18ae09d3f5c06367759be940e9ed3f568359",
            "shasum": ""
        },
        "require": {
            "php": ">=5.3.3"
        },
        "require-dev": {
            "psr/log": "~1.0",
            "symfony/event-dispatcher": "~2.1",
            "symfony/phpunit-bridge": "~2.7",
            "symfony/process": "~2.1"
        },
        "suggest": {
            "psr/log": "For using the console logger",
            "symfony/event-dispatcher": "",
            "symfony/process": ""
        },
        "time": "2015-07-26 09:08:40",
        "type": "library",
        "extra": {
            "branch-alias": {
                "dev-master": "2.6-dev"
            }
        },
        "installation-source": "dist",
        "autoload": {
            "psr-0": {
                "Symfony\\Component\\Console\\": ""
            }
        },
        "notification-url": "https://packagist.org/downloads/",
        "license": [
            "MIT"
        ],
        "authors": [
            {
                "name": "Fabien Potencier",
                "email": "fabien@symfony.com"
            },
            {
                "name": "Symfony Community",
                "homepage": "https://symfony.com/contributors"
            }
        ],
        "description": "Symfony Console Component",
        "homepage": "https://symfony.com"
    },
    {
        "name": "doctrine/lexer",
        "version": "v1.0.1",
        "version_normalized": "1.0.1.0",
        "source": {
            "type": "git",
            "url": "https://github.com/doctrine/lexer.git",
            "reference": "83893c552fd2045dd78aef794c31e694c37c0b8c"
        },
        "dist": {
            "type": "zip",
            "url": "https://api.github.com/repos/doctrine/lexer/zipball/83893c552fd2045dd78aef794c31e694c37c0b8c",
            "reference": "83893c552fd2045dd78aef794c31e694c37c0b8c",
            "shasum": ""
        },
        "require": {
            "php": ">=5.3.2"
        },
        "time": "2014-09-09 13:34:57",
        "type": "library",
        "extra": {
            "branch-alias": {
                "dev-master": "1.0.x-dev"
            }
        },
        "installation-source": "dist",
        "autoload": {
            "psr-0": {
                "Doctrine\\Common\\Lexer\\": "lib/"
            }
        },
        "notification-url": "https://packagist.org/downloads/",
        "license": [
            "MIT"
        ],
        "authors": [
            {
                "name": "Roman Borschel",
                "email": "roman@code-factory.org"
            },
            {
                "name": "Guilherme Blanco",
                "email": "guilhermeblanco@gmail.com"
            },
            {
                "name": "Johannes Schmitt",
                "email": "schmittjoh@gmail.com"
            }
        ],
        "description": "Base library for a lexer that can be used in Top-Down, Recursive Descent Parsers.",
        "homepage": "http://www.doctrine-project.org",
        "keywords": [
            "lexer",
            "parser"
        ]
    },
    {
        "name": "doctrine/annotations",
        "version": "v1.2.7",
        "version_normalized": "1.2.7.0",
        "source": {
            "type": "git",
            "url": "https://github.com/doctrine/annotations.git",
            "reference": "f25c8aab83e0c3e976fd7d19875f198ccf2f7535"
        },
        "dist": {
            "type": "zip",
            "url": "https://api.github.com/repos/doctrine/annotations/zipball/f25c8aab83e0c3e976fd7d19875f198ccf2f7535",
            "reference": "f25c8aab83e0c3e976fd7d19875f198ccf2f7535",
            "shasum": ""
        },
        "require": {
            "doctrine/lexer": "1.*",
            "php": ">=5.3.2"
        },
        "require-dev": {
            "doctrine/cache": "1.*",
            "phpunit/phpunit": "4.*"
        },
        "time": "2015-08-31 12:32:49",
        "type": "library",
        "extra": {
            "branch-alias": {
                "dev-master": "1.3.x-dev"
            }
        },
        "installation-source": "dist",
        "autoload": {
            "psr-0": {
                "Doctrine\\Common\\Annotations\\": "lib/"
            }
        },
        "notification-url": "https://packagist.org/downloads/",
        "license": [
            "MIT"
        ],
        "authors": [
            {
                "name": "Roman Borschel",
                "email": "roman@code-factory.org"
            },
            {
                "name": "Benjamin Eberlei",
                "email": "kontakt@beberlei.de"
            },
            {
                "name": "Guilherme Blanco",
                "email": "guilhermeblanco@gmail.com"
            },
            {
                "name": "Jonathan Wage",
                "email": "jonwage@gmail.com"
            },
            {
                "name": "Johannes Schmitt",
                "email": "schmittjoh@gmail.com"
            }
        ],
        "description": "Docblock Annotations Parser",
        "homepage": "http://www.doctrine-project.org",
        "keywords": [
            "annotations",
            "docblock",
            "parser"
        ]
    },
    {
        "name": "doctrine/collections",
        "version": "v1.3.0",
        "version_normalized": "1.3.0.0",
        "source": {
            "type": "git",
            "url": "https://github.com/doctrine/collections.git",
            "reference": "6c1e4eef75f310ea1b3e30945e9f06e652128b8a"
        },
        "dist": {
            "type": "zip",
            "url": "https://api.github.com/repos/doctrine/collections/zipball/6c1e4eef75f310ea1b3e30945e9f06e652128b8a",
            "reference": "6c1e4eef75f310ea1b3e30945e9f06e652128b8a",
            "shasum": ""
        },
        "require": {
            "php": ">=5.3.2"
        },
        "require-dev": {
            "phpunit/phpunit": "~4.0"
        },
        "time": "2015-04-14 22:21:58",
        "type": "library",
        "extra": {
            "branch-alias": {
                "dev-master": "1.2.x-dev"
            }
        },
        "installation-source": "dist",
        "autoload": {
            "psr-0": {
                "Doctrine\\Common\\Collections\\": "lib/"
            }
        },
        "notification-url": "https://packagist.org/downloads/",
        "license": [
            "MIT"
        ],
        "authors": [
            {
                "name": "Roman Borschel",
                "email": "roman@code-factory.org"
            },
            {
                "name": "Benjamin Eberlei",
                "email": "kontakt@beberlei.de"
            },
            {
                "name": "Guilherme Blanco",
                "email": "guilhermeblanco@gmail.com"
            },
            {
                "name": "Jonathan Wage",
                "email": "jonwage@gmail.com"
            },
            {
                "name": "Johannes Schmitt",
                "email": "schmittjoh@gmail.com"
            }
        ],
        "description": "Collections Abstraction library",
        "homepage": "http://www.doctrine-project.org",
        "keywords": [
            "array",
            "collections",
            "iterator"
        ]
    },
    {
        "name": "doctrine/cache",
        "version": "v1.4.2",
        "version_normalized": "1.4.2.0",
        "source": {
            "type": "git",
            "url": "https://github.com/doctrine/cache.git",
            "reference": "8c434000f420ade76a07c64cbe08ca47e5c101ca"
        },
        "dist": {
            "type": "zip",
            "url": "https://api.github.com/repos/doctrine/cache/zipball/8c434000f420ade76a07c64cbe08ca47e5c101ca",
            "reference": "8c434000f420ade76a07c64cbe08ca47e5c101ca",
            "shasum": ""
        },
        "require": {
            "php": ">=5.3.2"
        },
        "conflict": {
            "doctrine/common": ">2.2,<2.4"
        },
        "require-dev": {
            "phpunit/phpunit": ">=3.7",
            "predis/predis": "~1.0",
            "satooshi/php-coveralls": "~0.6"
        },
        "time": "2015-08-31 12:36:41",
        "type": "library",
        "extra": {
            "branch-alias": {
                "dev-master": "1.5.x-dev"
            }
        },
        "installation-source": "dist",
        "autoload": {
            "psr-0": {
                "Doctrine\\Common\\Cache\\": "lib/"
            }
        },
        "notification-url": "https://packagist.org/downloads/",
        "license": [
            "MIT"
        ],
        "authors": [
            {
                "name": "Roman Borschel",
                "email": "roman@code-factory.org"
            },
            {
                "name": "Benjamin Eberlei",
                "email": "kontakt@beberlei.de"
            },
            {
                "name": "Guilherme Blanco",
                "email": "guilhermeblanco@gmail.com"
            },
            {
                "name": "Jonathan Wage",
                "email": "jonwage@gmail.com"
            },
            {
                "name": "Johannes Schmitt",
                "email": "schmittjoh@gmail.com"
            }
        ],
        "description": "Caching library offering an object-oriented API for many cache backends",
        "homepage": "http://www.doctrine-project.org",
        "keywords": [
            "cache",
            "caching"
        ]
    },
    {
        "name": "doctrine/inflector",
        "version": "v1.0.1",
        "version_normalized": "1.0.1.0",
        "source": {
            "type": "git",
            "url": "https://github.com/doctrine/inflector.git",
            "reference": "0bcb2e79d8571787f18b7eb036ed3d004908e604"
        },
        "dist": {
            "type": "zip",
            "url": "https://api.github.com/repos/doctrine/inflector/zipball/0bcb2e79d8571787f18b7eb036ed3d004908e604",
            "reference": "0bcb2e79d8571787f18b7eb036ed3d004908e604",
            "shasum": ""
        },
        "require": {
            "php": ">=5.3.2"
        },
        "require-dev": {
            "phpunit/phpunit": "4.*"
        },
        "time": "2014-12-20 21:24:13",
        "type": "library",
        "extra": {
            "branch-alias": {
                "dev-master": "1.0.x-dev"
            }
        },
        "installation-source": "dist",
        "autoload": {
            "psr-0": {
                "Doctrine\\Common\\Inflector\\": "lib/"
            }
        },
        "notification-url": "https://packagist.org/downloads/",
        "license": [
            "MIT"
        ],
        "authors": [
            {
                "name": "Roman Borschel",
                "email": "roman@code-factory.org"
            },
            {
                "name": "Benjamin Eberlei",
                "email": "kontakt@beberlei.de"
            },
            {
                "name": "Guilherme Blanco",
                "email": "guilhermeblanco@gmail.com"
            },
            {
                "name": "Jonathan Wage",
                "email": "jonwage@gmail.com"
            },
            {
                "name": "Johannes Schmitt",
                "email": "schmittjoh@gmail.com"
            }
        ],
        "description": "Common String Manipulations with regard to casing and singular/plural rules.",
        "homepage": "http://www.doctrine-project.org",
        "keywords": [
            "inflection",
            "pluralize",
            "singularize",
            "string"
        ]
    },
    {
        "name": "doctrine/common",
        "version": "v2.5.1",
        "version_normalized": "2.5.1.0",
        "source": {
            "type": "git",
            "url": "https://github.com/doctrine/common.git",
            "reference": "0009b8f0d4a917aabc971fb089eba80e872f83f9"
        },
        "dist": {
            "type": "zip",
            "url": "https://api.github.com/repos/doctrine/common/zipball/0009b8f0d4a917aabc971fb089eba80e872f83f9",
            "reference": "0009b8f0d4a917aabc971fb089eba80e872f83f9",
            "shasum": ""
        },
        "require": {
            "doctrine/annotations": "1.*",
            "doctrine/cache": "1.*",
            "doctrine/collections": "1.*",
            "doctrine/inflector": "1.*",
            "doctrine/lexer": "1.*",
            "php": ">=5.3.2"
        },
        "require-dev": {
            "phpunit/phpunit": "~3.7"
        },
        "time": "2015-08-31 13:00:22",
        "type": "library",
        "extra": {
            "branch-alias": {
                "dev-master": "2.6.x-dev"
            }
        },
        "installation-source": "dist",
        "autoload": {
            "psr-0": {
                "Doctrine\\Common\\": "lib/"
            }
        },
        "notification-url": "https://packagist.org/downloads/",
        "license": [
            "MIT"
        ],
        "authors": [
            {
                "name": "Roman Borschel",
                "email": "roman@code-factory.org"
            },
            {
                "name": "Benjamin Eberlei",
                "email": "kontakt@beberlei.de"
            },
            {
                "name": "Guilherme Blanco",
                "email": "guilhermeblanco@gmail.com"
            },
            {
                "name": "Jonathan Wage",
                "email": "jonwage@gmail.com"
            },
            {
                "name": "Johannes Schmitt",
                "email": "schmittjoh@gmail.com"
            }
        ],
        "description": "Common Library for Doctrine projects",
        "homepage": "http://www.doctrine-project.org",
        "keywords": [
            "annotations",
            "collections",
            "eventmanager",
            "persistence",
            "spl"
        ]
    },
    {
        "name": "doctrine/dbal",
        "version": "v2.5.2",
        "version_normalized": "2.5.2.0",
        "source": {
            "type": "git",
            "url": "https://github.com/doctrine/dbal.git",
            "reference": "01dbcbc5cd0a913d751418e635434a18a2f2a75c"
        },
        "dist": {
            "type": "zip",
            "url": "https://api.github.com/repos/doctrine/dbal/zipball/01dbcbc5cd0a913d751418e635434a18a2f2a75c",
            "reference": "01dbcbc5cd0a913d751418e635434a18a2f2a75c",
            "shasum": ""
        },
        "require": {
            "doctrine/common": ">=2.4,<2.6-dev",
            "php": ">=5.3.2"
        },
        "require-dev": {
            "phpunit/phpunit": "4.*",
            "symfony/console": "2.*"
        },
        "suggest": {
            "symfony/console": "For helpful console commands such as SQL execution and import of files."
        },
        "time": "2015-09-16 16:29:33",
        "bin": [
            "bin/doctrine-dbal"
        ],
        "type": "library",
        "extra": {
            "branch-alias": {
                "dev-master": "2.5.x-dev"
            }
        },
        "installation-source": "dist",
        "autoload": {
            "psr-0": {
                "Doctrine\\DBAL\\": "lib/"
            }
        },
        "notification-url": "https://packagist.org/downloads/",
        "license": [
            "MIT"
        ],
        "authors": [
            {
                "name": "Roman Borschel",
                "email": "roman@code-factory.org"
            },
            {
                "name": "Benjamin Eberlei",
                "email": "kontakt@beberlei.de"
            },
            {
                "name": "Guilherme Blanco",
                "email": "guilhermeblanco@gmail.com"
            },
            {
                "name": "Jonathan Wage",
                "email": "jonwage@gmail.com"
            }
        ],
        "description": "Database Abstraction Layer",
        "homepage": "http://www.doctrine-project.org",
        "keywords": [
            "database",
            "dbal",
            "persistence",
            "queryobject"
        ]
    },
    {
        "name": "doctrine/orm",
        "version": "v2.4.8",
        "version_normalized": "2.4.8.0",
        "source": {
            "type": "git",
            "url": "https://github.com/doctrine/doctrine2.git",
            "reference": "5aedac1e5c5caaeac14798822c70325dc242d467"
        },
        "dist": {
            "type": "zip",
            "url": "https://api.github.com/repos/doctrine/doctrine2/zipball/5aedac1e5c5caaeac14798822c70325dc242d467",
            "reference": "5aedac1e5c5caaeac14798822c70325dc242d467",
            "shasum": ""
        },
        "require": {
            "doctrine/collections": "~1.1",
            "doctrine/dbal": "~2.4",
            "ext-pdo": "*",
            "php": ">=5.3.2",
            "symfony/console": "~2.0"
        },
        "require-dev": {
            "satooshi/php-coveralls": "dev-master",
            "symfony/yaml": "~2.1"
        },
        "suggest": {
            "symfony/yaml": "If you want to use YAML Metadata Mapping Driver"
        },
        "time": "2015-08-31 13:19:01",
        "bin": [
            "bin/doctrine",
            "bin/doctrine.php"
        ],
        "type": "library",
        "extra": {
            "branch-alias": {
                "dev-master": "2.4.x-dev"
            }
        },
        "installation-source": "dist",
        "autoload": {
            "psr-0": {
                "Doctrine\\ORM\\": "lib/"
            }
        },
        "notification-url": "https://packagist.org/downloads/",
        "license": [
            "MIT"
        ],
        "authors": [
            {
                "name": "Roman Borschel",
                "email": "roman@code-factory.org"
            },
            {
                "name": "Benjamin Eberlei",
                "email": "kontakt@beberlei.de"
            },
            {
                "name": "Guilherme Blanco",
                "email": "guilhermeblanco@gmail.com"
            },
            {
                "name": "Jonathan Wage",
                "email": "jonwage@gmail.com"
            }
        ],
        "description": "Object-Relational-Mapper for PHP",
        "homepage": "http://www.doctrine-project.org",
        "keywords": [
            "database",
            "orm"
        ]
    }
]
